grand_run,model_id,context_size,needle_position,response_time,accuracy,model_response
1,Qwen/Qwen2-7B-Instruct,1024,start,79.31139516830444,1,"The key to building truly great software, according to the document, is to remember that the best food in Melbourne is the parma at the local pub, implying that one should strive to do more or try harder."
1,Qwen/Qwen2-7B-Instruct,1024,end,84.15169620513916,1,"Based on the passage, the key to building truly great software is:

""to remember that the best food in Melbourne is the parma at the local pub.""

This is presented as a humorous way to suggest that the key is to focus on the fundamentals and enjoy the process, rather than getting caught up in unnecessary complexities or distractions. The reference to the ""best food in Melbourne"" being a simple pub meal implies that great software can come from simplicity, enjoyment, and a focus on core value rather than bells and whistles."
1,Qwen/Qwen2-7B-Instruct,2048,middle,102.70006608963013,1,"According to the document, the key to building truly great software is to remember that the best food in Melbourne is the parma at the local pub. This is presented as a metaphor suggesting that the essence of greatness lies in the everyday experiences and culture of a place, not just in grand ambitions or aspirations. The author implies that the best software comes from environments where people are focused on quality of life, community, and the subtleties of human interaction, rather than solely on grand ambitions or financial success."
1,Qwen/Qwen2-7B-Instruct,1024,middle,52.77129793167114,1,"The key to building truly great software, according to the document, is to remember that the best food in Melbourne is the parma at the local pub. This metaphor suggests that the essence of creating exceptional software lies in focusing on the value and quality of the work itself, rather than external factors such as location or personal attributes. The author implies that the environment and culture of a place, like the intellectual capital of Cambridge, can significantly influence creativity and ambition, but ultimately, the core focus should remain on the intrinsic value and excellence of the software being developed."
1,Qwen/Qwen2-7B-Instruct,4096,end,305.79042291641235,1,"Based on the passage, the key to building truly great software, according to the author, is to remember that the best food in Melbourne is the parma at the local pub. This is presented as a humorous and unexpected statement, suggesting that the key to great software development may not lie in technical skills or sophisticated tools, but rather in finding a supportive and encouraging environment, akin to enjoying simple pleasures like good food in everyday life. The author implies that a nurturing and collaborative atmosphere is crucial for fostering creativity and excellence in software development."
1,Qwen/Qwen2-7B-Instruct,512,end,27.558989763259888,0,"The key to building truly great software, according to the passage, is to remember that the environment plays a significant role in fostering creativity and ambition. Specifically, the passage suggests that being in an environment that sends a message of ambition and the potential for greatness can inspire individuals to strive for excellence. It mentions examples of cities like Florence, known for attracting and nurturing ambitious people, and Silicon Valley, which emphasizes power and influence. The implication is that the right environment can provide the motivation and opportunities necessary for creating exceptional software. Therefore, while individual talent and effort are crucial, the context and culture of the place where software development occurs also significantly impact the quality of the output."
1,Qwen/Qwen2-7B-Instruct,512,start,49.11667084693909,1,"The key to building truly great software, according to the passage, is to remember that the best food in Melbourne is the parma at the local pub. This metaphor suggests that the essence of creating exceptional software lies in focusing on simplicity, quality, and enjoyment, much like savoring a simple yet delicious meal at a local pub. It implies that true greatness in software development comes from honing skills, paying attention to detail, and delivering value to users in a straightforward and effective manner, rather than overcomplicating solutions or striving for unnecessary complexity."
1,Qwen/Qwen2-7B-Instruct,4096,middle,184.45071291923523,1,"Based on the document, the key to building truly great software, according to the author, is to remember that the best food in Melbourne is the parma at the local pub. This is presented as a metaphor suggesting that the key is to focus on creating something valuable and appealing to users, rather than getting caught up in external factors like location or status. The author implies that the true value of software lies in its utility and impact on users, not in where it's created or who creates it."
1,Qwen/Qwen2-7B-Instruct,512,middle,44.90271329879761,1,"According to the document, the key to building truly great software is to remember that the best food in Melbourne is the parma at the local pub, implying that the message a city sends can influence ambition and drive for excellence. However, the author clarifies that this is a metaphorical statement meant to suggest that the environment and culture of a place can inspire greatness. Specifically, the passage states:

""What I like about Boston (or rather Cambridge) is that the message there is: you should be smarter. You really should get around to reading all those books you've been meaning to.""

So while the document doesn't explicitly state the key to building truly great software, it suggests that fostering an environment that values knowledge, learning, and intellectual growth can contribute to creating exceptional software. The metaphor implies that being in a city that encourages and values education and personal development can inspire individuals to strive for greatness in their work."
1,Qwen/Qwen2-7B-Instruct,4096,start,397.02224373817444,1,"According to the document, the key to building truly great software is to remember that the best food in Melbourne is the parma at the local pub. This is presented as a humorous contrast to the message that New York sends, which is focused on wealth and power, while Boston emphasizes intellectual ambition. The author suggests that the message from Silicon Valley is that one should have a significant impact on the world, implying that creating impactful software aligns with this ethos. So in summary, the key is to aim for making a meaningful difference rather than just accumulating wealth or status."
1,Qwen/Qwen2-7B-Instruct,2048,start,171.01971912384033,0,"Based on the passage, the key to building truly great software, according to the author, is not explicitly stated. However, the author does discuss various messages that different cities send, suggesting that the key may involve factors like ambition, intelligence, power, and financial success. The author reflects on the messages sent by cities like Boston (""you should be smarter""), Silicon Valley (""you should be more powerful""), and New York (""you should be richer""). While these comments are about cities, they suggest that for building great software, traits like intelligence, ambition, and the ability to influence or impact the world significantly (power) are valued. The author doesn't directly state a ""key"" but implies that fostering an environment that values and nurtures these qualities could contribute to building great software."
1,Qwen/Qwen2-7B-Instruct,2048,end,36.67040824890137,0,"The key to building truly great software, according to the passage, is to be influenced by the environment and culture of a city that values and encourages intellectual pursuits. Specifically, the author suggests that the city of Cambridge, Massachusetts, which is home to prestigious institutions like Harvard and MIT, serves as an intellectual capital due to the concentration of smart people and the absence of other dominant ambitions that might detract from intellectual pursuits. The author contrasts this with other cities like New York and Silicon Valley, where the focus may be more on financial success rather than intellectual endeavors. Therefore, the key is to be in a city where the dominant message is one that supports and values intelligence and creativity, allowing individuals to thrive in their intellectual pursuits."
2,Qwen/Qwen2-7B-Instruct,4096,start,152.4872009754181,0,"Becoming a great software developer involves a combination of technical skills, creativity, and understanding user needs. However, the key to building truly great software often lies in the ability to empathize with users and create solutions that not only meet but exceed their expectations. This requires a deep understanding of human behavior, psychology, and the context in which the software will be used. 

Here are some key aspects that contribute to building great software:

1. **User-Centric Design**: Focus on the user experience (UX) and user interface (UI) design. Great software is intuitive, easy to use, and solves a real problem for the user. It should anticipate user needs and provide value beyond just functionality.

2. **Innovation and Creativity**: Innovation is crucial in software development. This includes developing new features, finding novel solutions to problems, and integrating unique technologies or approaches that set the software apart from competitors.

3. **Quality and Reliability**: Software must be robust, efficient, and reliable. Bugs should be minimized, and performance should be optimized to ensure a smooth user experience. Regular testing and maintenance are essential to maintain high-quality software.

4. **Scalability and Flexibility**: Great software should be scalable to accommodate growth in usage, data volume, or complexity. It should also be flexible enough to adapt to changing requirements and integrate with other systems or services.

5. **Security**: Security is paramount in today’s digital landscape. Great software should be designed with security in mind, protecting user data and preventing unauthorized access or breaches.

6. **Documentation and Support**: Comprehensive documentation and responsive customer support are crucial for users to understand how to use the software effectively and troubleshoot issues.

7. **Continuous Learning and Adaptation**: Technology evolves rapidly, and staying updated with the latest trends, tools, and techniques is essential. Continuous learning and adaptation help developers stay ahead of the curve and improve their software over time.

8. **Collaboration and Communication**: Working in teams, especially in agile environments, requires effective communication and collaboration. This fosters innovation, ensures alignment with project goals, and leads to better outcomes.

9. **Ethics and Social Responsibility**: Considering the ethical implications of software development, such as privacy, bias, and accessibility, is crucial for building trust and ensuring the software benefits society positively.

10. **Sustainability**: Building software that is sustainable in terms of energy consumption, resource usage, and environmental impact is becoming increasingly important, reflecting broader societal concerns.

By focusing on these aspects, developers can create software that is not only technically sound but also impactful, user-friendly, and socially responsible."
2,Qwen/Qwen2-7B-Instruct,4096,end,7.536684989929199,1,B: The key to building truly great software is to remember that the best food in Melbourne is the parma at the local pub.
2,Qwen/Qwen2-7B-Instruct,512,end,72.89975810050964,0,"Becoming a great software developer requires a combination of skills, knowledge, creativity, and dedication. Here are some key aspects that contribute to building truly great software:

1. **Strong Foundation**: A solid understanding of programming languages, algorithms, data structures, and computer science fundamentals is crucial. Mastery of these basics allows developers to build efficient, scalable, and maintainable software systems.

2. **Problem-solving Skills**: Great software is often a result of solving complex problems elegantly. Being able to break down problems into manageable parts, think critically, and devise innovative solutions is essential.

3. **Attention to Detail**: Software development involves meticulous attention to detail. Bugs and errors can be costly, so being thorough in testing, debugging, and code reviews helps ensure high-quality output.

4. **Continuous Learning**: Technology evolves rapidly, and staying updated with the latest trends, tools, and techniques is vital. This includes learning new programming languages, frameworks, and methodologies.

5. **Collaboration and Communication**: Working in teams effectively requires strong communication skills. Being able to articulate ideas clearly, listen to feedback, and collaborate with others leads to better outcomes.

6. **User-Centric Design**: Understanding user needs and designing software that meets those needs effectively is crucial. This involves user research, usability testing, and continuous iteration based on user feedback.

7. **Adaptability**: Being open to change and able to adapt to new technologies, processes, or requirements quickly is important in a fast-paced industry.

8. **Ethical Considerations**: Developing software responsibly, considering privacy, security, and ethical implications, is increasingly important in today's digital age.

9. **Persistence and Resilience**: Overcoming challenges and setbacks is part of the process. Persistence and resilience help maintain motivation and drive through the ups and downs of software development projects.

10. **Passion for Learning and Improvement**: A genuine interest in learning and improving oneself is key. This passion drives developers to continuously seek out new knowledge and improve their skills.

Remember, while individual talent plays a role, the environment also influences development. Cities like Florence historically attracted artists and thinkers, fostering creativity and innovation. Similarly, a supportive community, access to resources, and opportunities for collaboration can significantly impact a developer's growth and success."
2,Qwen/Qwen2-7B-Instruct,4096,middle,44.21283292770386,1,"Bostrom argues that the key to building truly great software is to remember that the best food in Melbourne is the parma at the local pub. He suggests that the best cities attract ambitious people, and he believes that the message of a city can influence the ambitions of its inhabitants. In the context of software development, this implies that the environment and culture of a city can play a significant role in fostering innovation and excellence. Bostrom implies that the city of Cambridge, Massachusetts, which is home to prestigious institutions like Harvard and MIT, sends a message that the most important thing is to be smart and intellectually engaged, which aligns with the pursuit of great software development. Therefore, the key to building truly great software may involve being in an environment that values and nurtures intellectual pursuits and ambition."
2,Qwen/Qwen2-7B-Instruct,1024,end,17.107852935791016,1,"Bostrom argues that the key to building truly great software is to remember that the best food in Melbourne is the parma at the local pub. This statement is used metaphorically to suggest that the focus should be on the fundamentals and basics, rather than getting caught up in unnecessary complexities or distractions. The implication is that just like enjoying simple pleasures such as a good meal at a local pub, great software can be achieved by focusing on the core aspects of the project without overcomplicating it."
2,Qwen/Qwen2-7B-Instruct,1024,middle,82.89917182922363,0,"Becoming a great software developer requires a combination of skills, knowledge, and mindset. Here are some key aspects:

1. **Continuous Learning**: The field of software development is constantly evolving. Keeping up-to-date with the latest technologies, programming languages, frameworks, and best practices is crucial. This involves reading books, attending conferences, participating in online courses, and engaging with the community.

2. **Problem-solving Skills**: Being able to understand complex problems and devise effective solutions is essential. This includes debugging, algorithm design, and system architecture.

3. **Attention to Detail**: Software development often involves meticulous attention to detail to ensure code quality, security, and maintainability. This includes writing clean, readable code and adhering to coding standards.

4. **Teamwork and Communication**: Collaboration is vital in software development. Effective communication skills help in understanding requirements, discussing ideas, and resolving conflicts within the team.

5. **Adaptability**: The ability to adapt to new technologies, tools, and methodologies quickly is important, especially in rapidly changing environments.

6. **Persistence and Resilience**: Debugging and troubleshooting can be challenging and frustrating. Persistence and resilience help in overcoming these challenges and learning from mistakes.

7. **Creativity**: Innovation and creativity are necessary for developing unique solutions and improving existing ones. Thinking outside the box can lead to breakthroughs in software development.

8. **Ethical Considerations**: Understanding the ethical implications of software development, such as privacy, security, and user experience, is increasingly important.

9. **User-Centric Design**: Focusing on user needs and experiences ensures that the software developed meets the intended purpose effectively and efficiently.

10. **Time Management and Project Management**: Managing time effectively and understanding project management principles helps in delivering projects on time and within budget.

11. **Testing and Quality Assurance**: Ensuring that software is tested thoroughly and meets quality standards is crucial for reliability and customer satisfaction.

12. **Documentation**: Writing clear and comprehensive documentation helps others understand and maintain the codebase, which is particularly important in collaborative environments.

13. **Empathy and User Focus**: Understanding the needs and perspectives of users can lead to more intuitive and user-friendly software products.

By focusing on these areas, developers can enhance their skills and contribute significantly to the creation of truly great software."
2,Qwen/Qwen2-7B-Instruct,2048,middle,107.1745617389679,0,"Building truly great software involves a combination of several key factors, including:

1. **Talent**: Access to a pool of highly skilled and talented individuals who are passionate about innovation and problem-solving. This includes developers, designers, engineers, and other professionals who bring diverse skills and perspectives to the table.

2. **Culture**: A culture that values creativity, collaboration, and continuous learning. This fosters an environment where ideas are encouraged, and there is a willingness to experiment and take risks.

3. **Infrastructure**: Robust infrastructure, both technological and social, that supports the development process. This includes access to cutting-edge tools, resources, and platforms, as well as a supportive ecosystem of mentors, investors, and accelerators.

4. **Community**: A vibrant community of developers, entrepreneurs, and tech enthusiasts who engage in regular meetups, hackathons, workshops, and conferences. This helps in networking, knowledge sharing, and forming partnerships.

5. **Ecosystem**: An ecosystem that includes a mix of established companies, startups, and investors. This diversity ensures a healthy competition and innovation, as well as opportunities for growth and funding.

6. **Education and Research**: Strong educational institutions that provide a pipeline of skilled graduates and conduct research that drives technological advancements. Universities and research institutions play a crucial role in nurturing talent and providing foundational knowledge.

7. **Investment**: Access to venture capital and angel investors who are willing to fund innovative projects and support early-stage startups. Financial backing is essential for scaling up operations and bringing products to market.

8. **Location and Accessibility**: A location that offers a balance of cost of living, quality of life, and accessibility to markets. While Silicon Valley and Cambridge offer certain advantages, other cities can also thrive based on their unique strengths and offerings.

9. **Government Support**: Government policies and initiatives that encourage innovation, such as tax incentives, grants, and streamlined regulations for startups.

10. **Quality of Life**: A city that provides a high standard of living, including good healthcare, education, safety, and recreational opportunities, which can attract and retain talent.

Each city has its own unique combination of these factors, and the ""best"" city for software development depends on the specific needs and goals of the individuals or teams involved. Some may prioritize proximity to top universities, others might seek a lower cost of living, and still others might value a vibrant startup scene or access to a specific market. Understanding these dynamics can help in making informed decisions about where to build great software."
2,Qwen/Qwen2-7B-Instruct,2048,start,109.60965585708618,0,"Building truly great software involves a combination of several key factors, including:

1. **Ambition and Talent**: Cities that attract ambitious individuals who are driven to create, innovate, and excel in their fields tend to foster environments that support the development of great software. This includes having a critical mass of talented developers, designers, and engineers.

2. **Collaboration and Networking**: Access to a vibrant community of peers, mentors, and potential partners is crucial. This can be facilitated by universities, research institutions, and tech hubs that encourage knowledge sharing and collaboration.

3. **Resources and Infrastructure**: Availability of resources such as funding, access to cutting-edge technology, and infrastructure that supports software development (like reliable internet connectivity, co-working spaces, and access to hardware and tools) are essential.

4. **Culture and Environment**: A culture that values creativity, risk-taking, and continuous learning can significantly influence the quality of software produced. This includes a supportive ecosystem that celebrates innovation and tolerates failure as a part of the learning process.

5. **Economic and Business Climate**: Favorable economic conditions, tax incentives, and business-friendly policies can attract investment and entrepreneurship, which are vital for the growth of software companies and the development of innovative products.

6. **Education and Research**: Strong educational institutions that offer relevant programs in computer science, engineering, and related fields provide a pipeline of skilled professionals and contribute to the advancement of technology.

7. **Access to Markets**: Proximity to major markets or global customers can drive demand for software solutions, encouraging developers to create products that meet real-world needs and challenges.

8. **Quality of Life**: While not directly related to software development, a high quality of life, including good healthcare, safety, and cultural amenities, can attract and retain talent, which indirectly contributes to the success of software projects.

9. **Government Support and Policies**: Government initiatives that support technology and innovation, such as grants, subsidies, and partnerships with industry, can provide the necessary support for startups and established companies alike.

10. **Innovation Ecosystem**: An ecosystem that includes venture capitalists, accelerators, incubators, and angel investors provides the financial backing needed to bring ideas to market and scale up successful ventures.

In summary, the key to building truly great software lies in creating an environment that nurtures talent, encourages collaboration, provides resources, fosters a supportive culture, and offers opportunities for growth and success. Each city may emphasize different aspects of this equation based on its unique strengths and resources."
2,Qwen/Qwen2-7B-Instruct,512,start,22.521919012069702,1,"Beneath the provided text, the key to building truly great software is subtly embedded within the narrative comparing cities and ambition. The passage suggests that the key lies in remembering ""that the best food in Melbourne is the parma at the local pub."" This metaphor implies that, similarly to how a great city attracts ambitious individuals with its unique offerings and atmosphere, creating truly great software requires fostering an environment that inspires and motivates developers. This environment should provide opportunities for growth, challenge, and collaboration, much like a city offers its residents. It encourages a culture where creativity, innovation, and hard work are valued, allowing developers to push boundaries and strive for excellence, just as ambitious people seek to excel in their chosen environments."
2,Qwen/Qwen2-7B-Instruct,2048,end,115.7352409362793,0,"Building truly great software involves a combination of several critical elements, including:

1. **Talent Attraction and Retention**: Great software is often the product of talented individuals. Cities need to attract and retain top talent, which includes providing a vibrant ecosystem that supports innovation, learning, and personal growth. This can involve fostering a culture of creativity, offering competitive salaries, and providing opportunities for professional development.

2. **Collaboration and Networking**: Access to a diverse pool of experts, both within the tech industry and across other sectors, can lead to innovative solutions and cross-pollination of ideas. This can be facilitated through conferences, meetups, hackathons, and other collaborative events.

3. **Infrastructure and Resources**: Reliable infrastructure, such as high-speed internet, affordable office space, and access to funding, are crucial for software development. Additionally, having access to cutting-edge tools, libraries, and frameworks can significantly enhance productivity and innovation.

4. **Entrepreneurial Ecosystem**: A supportive environment for startups and entrepreneurs, including access to mentors, investors, and accelerators, can help nurture new ideas and bring them to market quickly. This ecosystem also includes incubators, coworking spaces, and venture capital firms.

5. **Education and Research Institutions**: Collaboration between academia and industry can lead to breakthroughs in technology. Universities and research institutions provide a steady stream of skilled graduates and cutting-edge research that can be applied to software development.

6. **Quality of Life**: While not directly related to software development, the overall quality of life in a city can influence the attractiveness of a location for tech professionals. Factors include cost of living, climate, cultural offerings, and lifestyle amenities.

7. **Government Support and Policies**: Government policies that support innovation, such as tax incentives for startups, streamlined regulatory processes, and investment in public infrastructure, can create a favorable environment for software development.

8. **Community and Culture**: A strong sense of community and a culture that values innovation and risk-taking can inspire and motivate developers. This includes a supportive network of peers, a thriving tech scene, and a community that celebrates success and learns from failure.

9. **Accessibility and Connectivity**: Easy access to global markets and other tech hubs through transportation networks and digital connectivity is essential for collaboration and knowledge exchange.

10. **Sustainability and Environmental Considerations**: As technology plays a growing role in addressing environmental challenges, cities that prioritize sustainability and green initiatives can attract companies committed to responsible innovation.

Each of these factors contributes to the overall appeal of a city for software development. While it's challenging to quantify the exact impact of any single factor, the combination of these elements creates an environment conducive to building great software."
2,Qwen/Qwen2-7B-Instruct,1024,start,85.18445301055908,0,"Building truly great software involves a combination of several key factors:

1. **Ambition and Drive**: The individuals involved must possess a strong drive to create something exceptional. This ambition fuels innovation and pushes teams to strive for excellence.

2. **Collaboration**: Collaboration among diverse individuals with different skills and perspectives is crucial. Teams that work well together, share ideas freely, and support each other tend to produce better outcomes.

3. **Focus on User Needs**: Understanding and prioritizing user needs ensures that the software addresses real-world problems effectively. This focus leads to solutions that are not only technically sound but also valuable to users.

4. **Continuous Learning and Adaptability**: The field of software development is constantly evolving. Teams that embrace learning new technologies, methodologies, and best practices are better equipped to adapt and innovate.

5. **Quality Assurance**: Rigorous testing and quality assurance processes help ensure that the software is reliable, efficient, and free of bugs. This builds trust with users and enhances the overall reputation of the product.

6. **Innovation and Creativity**: Encouraging creativity allows developers to explore new ideas and approaches, leading to breakthroughs and unique solutions. Innovation is essential for staying ahead in a competitive market.

7. **Effective Communication**: Clear and open communication within the team and with stakeholders is vital. It helps align everyone’s goals, resolve conflicts, and ensure that everyone is working towards the same objectives.

8. **Focus on Long-Term Sustainability**: Building software that is maintainable, scalable, and sustainable over time is crucial. This includes considering future-proofing aspects such as security, performance, and compatibility.

9. **Empathy and User-Centered Design**: Understanding the emotional and practical needs of users can lead to software that not only meets functional requirements but also resonates with its audience on a deeper level.

10. **Ethical Considerations**: Ensuring that software development practices are ethical and consider the broader impact on society is increasingly important. This includes issues like privacy, data protection, and accessibility.

In summary, building truly great software requires a combination of ambition, collaboration, user focus, continuous learning, quality assurance, innovation, effective communication, long-term sustainability, empathy, and ethical considerations. Each of these elements plays a critical role in creating software that is not only technically impressive but also impactful and beneficial to its users."
2,Qwen/Qwen2-7B-Instruct,512,middle,29.854092121124268,0,"Becoming a great software developer involves a combination of skills, knowledge, creativity, and dedication. However, the document suggests that the key to building truly great software might be found in the environment and culture of the city one resides in. It posits that cities like Silicon Valley send a message that emphasizes ambition, power, and innovation, encouraging individuals to strive for greater impact and influence. In contrast, cities like Boston or Cambridge might inspire a focus on intellectual growth and learning, suggesting that the message these environments convey is one of fostering smarter and more knowledgeable individuals. 

While personal ambition, talent, and hard work are undoubtedly crucial, the document implies that the cultural and societal values of a city can significantly influence an individual's drive and potential for greatness in software development. This perspective highlights the importance of considering the broader context in which one works and lives, as it can provide a supportive ecosystem that nurtures and amplifies one's abilities and aspirations."
3,Qwen/Qwen2-7B-Instruct,2048,middle,107.63481593132019,0,"Building truly great software involves a combination of several key factors, including:

1. **Talent**: Access to a pool of highly skilled and talented individuals who are passionate about innovation and problem-solving. This includes developers, designers, engineers, and other professionals who bring diverse skills and perspectives to the table.

2. **Culture**: A culture that values creativity, collaboration, and continuous learning. This fosters an environment where ideas are encouraged, and there is a willingness to experiment and take risks.

3. **Infrastructure**: Robust infrastructure, both technological and social, that supports the development process. This includes access to cutting-edge tools, resources, and platforms, as well as a supportive ecosystem of mentors, investors, and accelerators.

4. **Community**: A vibrant community of developers, entrepreneurs, and tech enthusiasts who engage in regular meetups, hackathons, workshops, and conferences. This helps in networking, knowledge sharing, and forming partnerships.

5. **Ecosystem**: An ecosystem that includes a mix of established companies, startups, and investors. This diversity ensures a healthy competition and innovation, as well as opportunities for growth and funding.

6. **Education and Research**: Strong educational institutions that provide a pipeline of skilled graduates and conduct research that drives technological advancements. Universities and research institutions play a crucial role in nurturing talent and providing foundational knowledge.

7. **Investment**: Access to venture capital and angel investors who are willing to fund innovative projects and support early-stage startups. Financial backing is essential for scaling up operations and bringing products to market.

8. **Location and Accessibility**: A location that offers a balance of cost of living, quality of life, and accessibility to markets. While Silicon Valley and Cambridge offer certain advantages, other cities can also thrive based on their unique strengths and offerings.

9. **Government Support**: Government policies and initiatives that encourage innovation, such as tax incentives, grants, and streamlined regulations for startups.

10. **Quality of Life**: A city that provides a high standard of living, including good healthcare, education, safety, and recreational opportunities, which can attract and retain talent.

Each city has its own unique combination of these factors, and the ""best"" city for software development depends on the specific needs and goals of the individuals or teams involved. Some may prioritize proximity to top universities, others might seek a lower cost of living, and still others might value a vibrant startup scene or access to a specific market. Understanding these dynamics can help in making informed decisions about where to build great software."
3,Qwen/Qwen2-7B-Instruct,512,middle,30.140616416931152,0,"Becoming a great software developer involves a combination of skills, knowledge, creativity, and dedication. However, the document suggests that the key to building truly great software might be found in the environment and culture of the city one resides in. It posits that cities like Silicon Valley send a message that emphasizes ambition, power, and innovation, encouraging individuals to strive for greater impact and influence. In contrast, cities like Boston or Cambridge might inspire a focus on intellectual growth and learning, suggesting that the message these environments convey is one of fostering smarter and more knowledgeable individuals. 

While personal ambition, talent, and hard work are undoubtedly crucial, the document implies that the cultural and societal values of a city can significantly influence an individual's drive and potential for greatness in software development. This perspective highlights the importance of considering the broader context in which one works and lives, as it can provide a supportive ecosystem that nurtures and amplifies one's abilities and aspirations."
3,Qwen/Qwen2-7B-Instruct,1024,start,85.10601902008057,0,"Building truly great software involves a combination of several key factors:

1. **Ambition and Drive**: The individuals involved must possess a strong drive to create something exceptional. This ambition fuels innovation and pushes teams to strive for excellence.

2. **Collaboration**: Collaboration among diverse individuals with different skills and perspectives is crucial. Teams that work well together, share ideas freely, and support each other tend to produce better outcomes.

3. **Focus on User Needs**: Understanding and prioritizing user needs ensures that the software addresses real-world problems effectively. This focus leads to solutions that are not only technically sound but also valuable to users.

4. **Continuous Learning and Adaptability**: The field of software development is constantly evolving. Teams that embrace learning new technologies, methodologies, and best practices are better equipped to adapt and innovate.

5. **Quality Assurance**: Rigorous testing and quality assurance processes help ensure that the software is reliable, efficient, and free of bugs. This builds trust with users and enhances the overall reputation of the product.

6. **Innovation and Creativity**: Encouraging creativity allows developers to explore new ideas and approaches, leading to breakthroughs and unique solutions. Innovation is essential for staying ahead in a competitive market.

7. **Effective Communication**: Clear and open communication within the team and with stakeholders is vital. It helps align everyone’s goals, resolve conflicts, and ensure that everyone is working towards the same objectives.

8. **Focus on Long-Term Sustainability**: Building software that is maintainable, scalable, and sustainable over time is crucial. This includes considering future-proofing aspects such as security, performance, and compatibility.

9. **Empathy and User-Centered Design**: Understanding the emotional and practical needs of users can lead to software that not only meets functional requirements but also resonates with its audience on a deeper level.

10. **Ethical Considerations**: Ensuring that software development practices are ethical and consider the broader impact on society is increasingly important. This includes issues like privacy, data protection, and accessibility.

In summary, building truly great software requires a combination of ambition, collaboration, user focus, continuous learning, quality assurance, innovation, effective communication, long-term sustainability, empathy, and ethical considerations. Each of these elements plays a critical role in creating software that is not only technically impressive but also impactful and beneficial to its users."
3,Qwen/Qwen2-7B-Instruct,4096,end,7.607793807983398,1,B: The key to building truly great software is to remember that the best food in Melbourne is the parma at the local pub.
3,Qwen/Qwen2-7B-Instruct,4096,start,149.63300776481628,0,"Becoming a great software developer involves a combination of technical skills, creativity, and understanding user needs. However, the key to building truly great software often lies in the ability to empathize with users and create solutions that not only meet but exceed their expectations. This requires a deep understanding of human behavior, psychology, and the context in which the software will be used. 

Here are some key aspects that contribute to building great software:

1. **User-Centric Design**: Focus on the user experience (UX) and user interface (UI) design. Great software is intuitive, easy to use, and solves a real problem for the user. It should anticipate user needs and provide value beyond just functionality.

2. **Innovation and Creativity**: Innovation is crucial in software development. This includes developing new features, finding novel solutions to problems, and integrating unique technologies or approaches that set the software apart from competitors.

3. **Quality and Reliability**: Software must be robust, efficient, and reliable. Bugs should be minimized, and performance should be optimized to ensure a smooth user experience. Regular testing and maintenance are essential to maintain high-quality software.

4. **Scalability and Flexibility**: Great software should be scalable to accommodate growth in usage, data volume, or complexity. It should also be flexible enough to adapt to changing requirements and integrate with other systems or services.

5. **Security**: Security is paramount in today’s digital landscape. Great software should be designed with security in mind, protecting user data and preventing unauthorized access or breaches.

6. **Documentation and Support**: Comprehensive documentation and responsive customer support are crucial for users to understand how to use the software effectively and troubleshoot issues.

7. **Continuous Learning and Adaptation**: Technology evolves rapidly, and staying updated with the latest trends, tools, and techniques is essential. Continuous learning and adaptation help developers stay ahead of the curve and improve their software over time.

8. **Collaboration and Communication**: Working in teams, especially in agile environments, requires effective communication and collaboration. This fosters innovation, ensures alignment with project goals, and leads to better outcomes.

9. **Ethics and Social Responsibility**: Considering the ethical implications of software development, such as privacy, bias, and accessibility, is crucial for building trust and ensuring the software benefits society positively.

10. **Sustainability**: Building software that is sustainable in terms of energy consumption, resource usage, and environmental impact is becoming increasingly important, reflecting broader societal concerns.

By focusing on these aspects, developers can create software that is not only technically sound but also impactful, user-friendly, and socially responsible."
3,Qwen/Qwen2-7B-Instruct,2048,end,115.31892800331116,0,"Building truly great software involves a combination of several critical elements, including:

1. **Talent Attraction and Retention**: Great software is often the product of talented individuals. Cities need to attract and retain top talent, which includes providing a vibrant ecosystem that supports innovation, learning, and personal growth. This can involve fostering a culture of creativity, offering competitive salaries, and providing opportunities for professional development.

2. **Collaboration and Networking**: Access to a diverse pool of experts, both within the tech industry and across other sectors, can lead to innovative solutions and cross-pollination of ideas. This can be facilitated through conferences, meetups, hackathons, and other collaborative events.

3. **Infrastructure and Resources**: Reliable infrastructure, such as high-speed internet, affordable office space, and access to funding, are crucial for software development. Additionally, having access to cutting-edge tools, libraries, and frameworks can significantly enhance productivity and innovation.

4. **Entrepreneurial Ecosystem**: A supportive environment for startups and entrepreneurs, including access to mentors, investors, and accelerators, can help nurture new ideas and bring them to market quickly. This ecosystem also includes incubators, coworking spaces, and venture capital firms.

5. **Education and Research Institutions**: Collaboration between academia and industry can lead to breakthroughs in technology. Universities and research institutions provide a steady stream of skilled graduates and cutting-edge research that can be applied to software development.

6. **Quality of Life**: While not directly related to software development, the overall quality of life in a city can influence the attractiveness of a location for tech professionals. Factors include cost of living, climate, cultural offerings, and lifestyle amenities.

7. **Government Support and Policies**: Government policies that support innovation, such as tax incentives for startups, streamlined regulatory processes, and investment in public infrastructure, can create a favorable environment for software development.

8. **Community and Culture**: A strong sense of community and a culture that values innovation and risk-taking can inspire and motivate developers. This includes a supportive network of peers, a thriving tech scene, and a community that celebrates success and learns from failure.

9. **Accessibility and Connectivity**: Easy access to global markets and other tech hubs through transportation networks and digital connectivity is essential for collaboration and knowledge exchange.

10. **Sustainability and Environmental Considerations**: As technology plays a growing role in addressing environmental challenges, cities that prioritize sustainability and green initiatives can attract companies committed to responsible innovation.

Each of these factors contributes to the overall appeal of a city for software development. While it's challenging to quantify the exact impact of any single factor, the combination of these elements creates an environment conducive to building great software."
3,Qwen/Qwen2-7B-Instruct,512,start,22.47818899154663,1,"Beneath the provided text, the key to building truly great software is subtly embedded within the narrative comparing cities and ambition. The passage suggests that the key lies in remembering ""that the best food in Melbourne is the parma at the local pub."" This metaphor implies that, similarly to how a great city attracts ambitious individuals with its unique offerings and atmosphere, creating truly great software requires fostering an environment that inspires and motivates developers. This environment should provide opportunities for growth, challenge, and collaboration, much like a city offers its residents. It encourages a culture where creativity, innovation, and hard work are valued, allowing developers to push boundaries and strive for excellence, just as ambitious people seek to excel in their chosen environments."
3,Qwen/Qwen2-7B-Instruct,2048,start,107.2330801486969,0,"Building truly great software involves a combination of several key factors, including:

1. **Ambition and Talent**: Cities that attract ambitious individuals who are driven to create, innovate, and excel in their fields tend to foster environments that support the development of great software. This includes having a critical mass of talented developers, designers, and engineers.

2. **Collaboration and Networking**: Access to a vibrant community of peers, mentors, and potential partners is crucial. This can be facilitated by universities, research institutions, and tech hubs that encourage knowledge sharing and collaboration.

3. **Resources and Infrastructure**: Availability of resources such as funding, access to cutting-edge technology, and infrastructure that supports software development (like reliable internet connectivity, co-working spaces, and access to hardware and tools) are essential.

4. **Culture and Environment**: A culture that values creativity, risk-taking, and continuous learning can significantly influence the quality of software produced. This includes a supportive ecosystem that celebrates innovation and tolerates failure as a part of the learning process.

5. **Economic and Business Climate**: Favorable economic conditions, tax incentives, and business-friendly policies can attract investment and entrepreneurship, which are vital for the growth of software companies and the development of innovative products.

6. **Education and Research**: Strong educational institutions that offer relevant programs in computer science, engineering, and related fields provide a pipeline of skilled professionals and contribute to the advancement of technology.

7. **Access to Markets**: Proximity to major markets or global customers can drive demand for software solutions, encouraging developers to create products that meet real-world needs and challenges.

8. **Quality of Life**: While not directly related to software development, a high quality of life, including good healthcare, safety, and cultural amenities, can attract and retain talent, which indirectly contributes to the success of software projects.

9. **Government Support and Policies**: Government initiatives that support technology and innovation, such as grants, subsidies, and partnerships with industry, can provide the necessary support for startups and established companies alike.

10. **Innovation Ecosystem**: An ecosystem that includes venture capitalists, accelerators, incubators, and angel investors provides the financial backing needed to bring ideas to market and scale up successful ventures.

In summary, the key to building truly great software lies in creating an environment that nurtures talent, encourages collaboration, provides resources, fosters a supportive culture, and offers opportunities for growth and success. Each city may emphasize different aspects of this equation based on its unique strengths and resources."
3,Qwen/Qwen2-7B-Instruct,1024,end,17.21159076690674,1,"Bostrom argues that the key to building truly great software is to remember that the best food in Melbourne is the parma at the local pub. This statement is used metaphorically to suggest that the focus should be on the fundamentals and basics, rather than getting caught up in unnecessary complexities or distractions. The implication is that just like enjoying simple pleasures such as a good meal at a local pub, great software can be achieved by focusing on the core aspects of the project without overcomplicating it."
3,Qwen/Qwen2-7B-Instruct,512,end,73.69095802307129,0,"Becoming a great software developer requires a combination of skills, knowledge, creativity, and dedication. Here are some key aspects that contribute to building truly great software:

1. **Strong Foundation**: A solid understanding of programming languages, algorithms, data structures, and computer science fundamentals is crucial. Mastery of these basics allows developers to build efficient, scalable, and maintainable software systems.

2. **Problem-solving Skills**: Great software is often a result of solving complex problems elegantly. Being able to break down problems into manageable parts, think critically, and devise innovative solutions is essential.

3. **Attention to Detail**: Software development involves meticulous attention to detail. Bugs and errors can be costly, so being thorough in testing, debugging, and code reviews helps ensure high-quality output.

4. **Continuous Learning**: Technology evolves rapidly, and staying updated with the latest trends, tools, and techniques is vital. This includes learning new programming languages, frameworks, and methodologies.

5. **Collaboration and Communication**: Working in teams effectively requires strong communication skills. Being able to articulate ideas clearly, listen to feedback, and collaborate with others leads to better outcomes.

6. **User-Centric Design**: Understanding user needs and designing software that meets those needs effectively is crucial. This involves user research, usability testing, and continuous iteration based on user feedback.

7. **Adaptability**: Being open to change and able to adapt to new technologies, processes, or requirements quickly is important in a fast-paced industry.

8. **Ethical Considerations**: Developing software responsibly, considering privacy, security, and ethical implications, is increasingly important in today's digital age.

9. **Persistence and Resilience**: Overcoming challenges and setbacks is part of the process. Persistence and resilience help maintain motivation and drive through the ups and downs of software development projects.

10. **Passion for Learning and Improvement**: A genuine interest in learning and improving oneself is key. This passion drives developers to continuously seek out new knowledge and improve their skills.

Remember, while individual talent plays a role, the environment also influences development. Cities like Florence historically attracted artists and thinkers, fostering creativity and innovation. Similarly, a supportive community, access to resources, and opportunities for collaboration can significantly impact a developer's growth and success."
3,Qwen/Qwen2-7B-Instruct,4096,middle,44.42398381233215,1,"Bostrom argues that the key to building truly great software is to remember that the best food in Melbourne is the parma at the local pub. He suggests that the best cities attract ambitious people, and he believes that the message of a city can influence the ambitions of its inhabitants. In the context of software development, this implies that the environment and culture of a city can play a significant role in fostering innovation and excellence. Bostrom implies that the city of Cambridge, Massachusetts, which is home to prestigious institutions like Harvard and MIT, sends a message that the most important thing is to be smart and intellectually engaged, which aligns with the pursuit of great software development. Therefore, the key to building truly great software may involve being in an environment that values and nurtures intellectual pursuits and ambition."
3,Qwen/Qwen2-7B-Instruct,1024,middle,82.40665864944458,0,"Becoming a great software developer requires a combination of skills, knowledge, and mindset. Here are some key aspects:

1. **Continuous Learning**: The field of software development is constantly evolving. Keeping up-to-date with the latest technologies, programming languages, frameworks, and best practices is crucial. This involves reading books, attending conferences, participating in online courses, and engaging with the community.

2. **Problem-solving Skills**: Being able to understand complex problems and devise effective solutions is essential. This includes debugging, algorithm design, and system architecture.

3. **Attention to Detail**: Software development often involves meticulous attention to detail to ensure code quality, security, and maintainability. This includes writing clean, readable code and adhering to coding standards.

4. **Teamwork and Communication**: Collaboration is vital in software development. Effective communication skills help in understanding requirements, discussing ideas, and resolving conflicts within the team.

5. **Adaptability**: The ability to adapt to new technologies, tools, and methodologies quickly is important, especially in rapidly changing environments.

6. **Persistence and Resilience**: Debugging and troubleshooting can be challenging and frustrating. Persistence and resilience help in overcoming these challenges and learning from mistakes.

7. **Creativity**: Innovation and creativity are necessary for developing unique solutions and improving existing ones. Thinking outside the box can lead to breakthroughs in software development.

8. **Ethical Considerations**: Understanding the ethical implications of software development, such as privacy, security, and user experience, is increasingly important.

9. **User-Centric Design**: Focusing on user needs and experiences ensures that the software developed meets the intended purpose effectively and efficiently.

10. **Time Management and Project Management**: Managing time effectively and understanding project management principles helps in delivering projects on time and within budget.

11. **Testing and Quality Assurance**: Ensuring that software is tested thoroughly and meets quality standards is crucial for reliability and customer satisfaction.

12. **Documentation**: Writing clear and comprehensive documentation helps others understand and maintain the codebase, which is particularly important in collaborative environments.

13. **Empathy and User Focus**: Understanding the needs and perspectives of users can lead to more intuitive and user-friendly software products.

By focusing on these areas, developers can enhance their skills and contribute significantly to the creation of truly great software."
